Data;25471 - Taxa média mensal de juros das operações de crédito com recursos livres - Pessoas físicas - Aquisição de veículos - % a.m.
jun/00;2,57
jul/00;2,59
ago/00;2,52
set/00;2,55
out/00;2,48
nov/00;2,49
dez/00;2,54
jan/01;2,53
fev/01;2,5
mar/01;2,45
abr/01;2,61
mai/01;2,68
jun/01;2,76
jul/01;2,96
ago/01;3,1
set/01;3,1
out/01;3,19
nov/01;2,87
dez/01;2,74
jan/02;2,96
fev/02;2,96
mar/02;2,89
abr/02;2,66
mai/02;2,77
jun/02;3,01
jul/02;3,46
ago/02;3,44
set/02;3,28
out/02;3,61
nov/02;3,72
dez/02;3,75
jan/03;3,66
fev/03;3,62
mar/03;3,63
abr/03;3,45
mai/03;3,29
jun/03;3,15
jul/03;3,02
ago/03;2,93
set/03;2,77
out/03;2,68
nov/03;2,63
dez/03;2,65
jan/04;2,6
fev/04;2,57
mar/04;2,54
abr/04;2,53
mai/04;2,55
jun/04;2,62
jul/04;2,6
ago/04;2,62
set/04;2,58
out/04;2,57
nov/04;2,57
dez/04;2,57
jan/05;2,63
fev/05;2,61
mar/05;2,64
abr/05;2,66
mai/05;2,68
jun/05;2,65
jul/05;2,6
ago/05;2,57
set/05;2,59
out/05;2,57
nov/05;2,53
dez/05;2,52
jan/06;2,55
fev/06;2,54
mar/06;2,5
abr/06;2,47
mai/06;2,43
jun/06;2,42
jul/06;2,38
ago/06;2,4
set/06;2,4
out/06;2,4
nov/06;2,41
dez/06;2,36
jan/07;2,38
fev/07;2,34
mar/07;2,29
abr/07;2,24
mai/07;2,2
jun/07;2,17
jul/07;2,12
ago/07;2,12
set/07;2,12
out/07;2,11
nov/07;2,11
dez/07;2,13
jan/08;2,29
fev/08;2,29
mar/08;2,22
abr/08;2,2
mai/08;2,25
jun/08;2,28
jul/08;2,43
ago/08;2,43
set/08;2,41
out/08;2,48
nov/08;2,7
dez/08;2,63
jan/09;2,51
fev/09;2,32
mar/09;2,19
abr/09;2,2
mai/09;2,15
jun/09;2
jul/09;2,01
ago/09;1,96
set/09;1,87
out/09;1,91
nov/09;1,9
dez/09;1,9
jan/10;1,89
fev/10;1,82
mar/10;1,78
abr/10;1,78
mai/10;1,86
jun/10;1,78
jul/10;1,81
ago/10;1,77
set/10;1,76
out/10;1,78
nov/10;1,72
dez/10;1,89
jan/11;2,02
fev/11;2,03
mar/11;2,08
abr/11;2,11
mai/11;2,1
jun/11;2,08
jul/11;2,08
ago/11;2,04
set/11;1,96
out/11;1,96
nov/11;1,94
dez/11;1,89
jan/12;1,91
fev/12;1,92
mar/12;1,9
abr/12;1,86
mai/12;1,71
jun/12;1,55
jul/12;1,58
ago/12;1,55
set/12;1,61
out/12;1,57
nov/12;1,56
dez/12;1,51
jan/13;1,57
fev/13;1,58
mar/13;1,51
abr/13;1,53
mai/13;1,51
jun/13;1,49
jul/13;1,55
ago/13;1,62
set/13;1,64
out/13;1,59
nov/13;1,62
dez/13;1,62
jan/14;1,72
fev/14;1,8
mar/14;1,78
abr/14;1,71
mai/14;1,74
jun/14;1,74
jul/14;1,75
ago/14;1,76
set/14;1,72
out/14;1,74
nov/14;1,72
dez/14;1,69
jan/15;1,8
fev/15;1,86
mar/15;1,85
abr/15;1,85
mai/15;1,86
jun/15;1,86
jul/15;1,84
ago/15;1,86
set/15;1,92
out/15;1,94
nov/15;1,96
dez/15;1,95
jan/16;2,04
fev/16;2,05
mar/16;2,01
abr/16;2
mai/16;1,97
jun/16;1,94
jul/16;1,94
ago/16;1,96
set/16;1,95
out/16;1,93
nov/16;1,93
dez/16;1,92
jan/17;1,96
fev/17;1,93
mar/17;1,86
abr/17;1,84
mai/17;1,83
jun/17;1,81
jul/17;1,79
ago/17;1,76
set/17;1,74
out/17;1,71
nov/17;1,68
dez/17;1,69
jan/18;1,72
fev/18;1,7
mar/18;1,65
abr/18;1,64
mai/18;1,64
jun/18;1,67
jul/18;1,69
ago/18;1,68
set/18;1,68
out/18;1,7
nov/18;1,65
dez/18;1,65
jan/19;1,7
fev/19;1,67
mar/19;1,63
abr/19;1,62
mai/19;1,61
jun/19;1,59
jul/19;1,55
ago/19;1,54
set/19;1,52
out/19;1,51
nov/19;1,48
dez/19;1,47
jan/20;1,51
fev/20;1,49
mar/20;1,51
abr/20;1,56
mai/20;1,49
jun/20;1,46
jul/20;1,45
ago/20;1,45
set/20;1,43
out/20;1,45
nov/20;1,46
dez/20;1,47
jan/21;1,55
fev/21;1,53
mar/21;1,58
abr/21;1,62
mai/21;1,62
jun/21;1,64
jul/21;1,67
ago/21;1,72
set/21;1,8
out/21;1,86
nov/21;2,04
dez/21;2
jan/22;2
fev/22;1,98
mar/22;2,02
abr/22;2,03
mai/22;2,02
jun/22;2,04
jul/22;2,05
ago/22;2,04
set/22;2,02
out/22;2,03
nov/22;2,06
dez/22;2,12
jan/23;2,15
fev/23;2,14
mar/23;2,12
abr/23;2,11
mai/23;2,08
jun/23;2
jul/23;1,95
ago/23;1,96
set/23;1,94
out/23;1,96
nov/23;1,94
dez/23;1,91
jan/24;1,95
fev/24;1,93
mar/24;1,91
abr/24;1,91
mai/24;1,91
jun/24;1,91
jul/24;1,91
ago/24;1,93
set/24;1,91
out/24;1,94
nov/24;1,97
dez/24;2,05
jan/25;2,18
fev/25;2,15
mar/25;2,12
abr/25;2,08
mai/25;2,05
jun/25;2,05
jul/25;2,03
ago/25;2,03
set/25;2,03
out/25;2,04
nov/25;2,01
dez/25;1,97
jan/26;2,06
fev/26;2,03
mar/26;1,98
abr/26;1,99
mai/26;1,97
jun/26;1,97
jul/26;1,98
Fonte;BCB-DSTAT
