Data;25444 - Taxa média mensal de juros das operações de crédito com recursos livres - Pessoas jurídicas - Capital de giro total - % a.m.
jun/00;2,51
jul/00;2,4
ago/00;2,34
set/00;2,33
out/00;2,32
nov/00;2,36
dez/00;2,35
jan/01;2,26
fev/01;2,37
mar/01;2,25
abr/01;2,38
mai/01;2,4
jun/01;2,36
jul/01;2,42
ago/01;2,57
set/01;2,53
out/01;2,58
nov/01;2,46
dez/01;2,47
jan/02;2,53
fev/02;2,44
mar/02;2,37
abr/02;2,46
mai/02;2,47
jun/02;2,39
jul/02;2,36
ago/02;2,35
set/02;2,3
out/02;2,42
nov/02;2,58
dez/02;2,59
jan/03;2,65
fev/03;2,82
mar/03;2,86
abr/03;2,89
mai/03;2,83
jun/03;2,78
jul/03;2,71
ago/03;2,63
set/03;2,46
out/03;2,38
nov/03;2,38
dez/03;2,28
jan/04;2,28
fev/04;2,35
mar/04;2,27
abr/04;2,23
mai/04;2,17
jun/04;2,18
jul/04;2,18
ago/04;2,21
set/04;2,21
out/04;2,28
nov/04;2,21
dez/04;2,2
jan/05;2,39
fev/05;2,37
mar/05;2,38
abr/05;2,37
mai/05;2,42
jun/05;2,34
jul/05;2,29
ago/05;2,34
set/05;2,38
out/05;2,39
nov/05;2,28
dez/05;2,26
jan/06;2,3
fev/06;2,3
mar/06;2,17
abr/06;2,25
mai/06;2,13
jun/06;2,05
jul/06;2
ago/06;2,02
set/06;1,99
out/06;1,98
nov/06;1,93
dez/06;1,9
jan/07;1,91
fev/07;1,93
mar/07;1,86
abr/07;1,89
mai/07;1,84
jun/07;1,78
jul/07;1,69
ago/07;1,73
set/07;1,73
out/07;1,72
nov/07;1,7
dez/07;1,68
jan/08;1,76
fev/08;1,77
mar/08;1,8
abr/08;1,79
mai/08;1,84
jun/08;1,79
jul/08;1,85
ago/08;1,91
set/08;1,92
out/08;2,12
nov/08;2,17
dez/08;2,16
jan/09;2,11
fev/09;2,1
mar/09;1,9
abr/09;1,91
mai/09;1,83
jun/09;1,76
jul/09;1,7
ago/09;1,66
set/09;1,65
out/09;1,69
nov/09;1,6
dez/09;1,6
jan/10;1,66
fev/10;1,62
mar/10;1,62
abr/10;1,59
mai/10;1,65
jun/10;1,66
jul/10;1,71
ago/10;1,72
set/10;1,73
out/10;1,72
nov/10;1,67
dez/10;1,63
jan/11;1,71
fev/11;1,8
mar/11;1,77
abr/11;1,8
mai/11;1,79
jun/11;1,8
jul/11;1,82
ago/11;1,7
set/11;1,73
out/11;1,7
nov/11;1,66
dez/11;1,58
jan/12;1,65
fev/12;1,63
mar/12;1,59
abr/12;1,47
mai/12;1,36
jun/12;1,3
jul/12;1,33
ago/12;1,33
set/12;1,3
out/12;1,24
nov/12;1,29
dez/12;1,2
jan/13;1,31
fev/13;1,31
mar/13;1,29
abr/13;1,31
mai/13;1,32
jun/13;1,36
jul/13;1,41
ago/13;1,47
set/13;1,5
out/13;1,47
nov/13;1,54
dez/13;1,55
jan/14;1,66
fev/14;1,68
mar/14;1,69
abr/14;1,65
mai/14;1,62
jun/14;1,62
jul/14;1,67
ago/14;1,64
set/14;1,65
out/14;1,68
nov/14;1,7
dez/14;1,67
jan/15;1,74
fev/15;1,79
mar/15;1,8
abr/15;1,8
mai/15;1,81
jun/15;1,86
jul/15;1,9
ago/15;1,98
set/15;2,1
out/15;2,07
nov/15;2,07
dez/15;2,04
jan/16;2,2
fev/16;2,16
mar/16;2,09
abr/16;2,02
mai/16;1,98
jun/16;2,01
jul/16;1,98
ago/16;1,98
set/16;1,9
out/16;1,9
nov/16;1,89
dez/16;1,79
jan/17;1,83
fev/17;1,79
mar/17;1,69
abr/17;1,67
mai/17;1,69
jun/17;1,58
jul/17;1,62
ago/17;1,56
set/17;1,51
out/17;1,51
nov/17;1,47
dez/17;1,38
jan/18;1,44
fev/18;1,44
mar/18;1,35
abr/18;1,32
mai/18;1,37
jun/18;1,4
jul/18;1,41
ago/18;1,39
set/18;1,43
out/18;1,35
nov/18;1,33
dez/18;1,29
jan/19;1,37
fev/19;1,34
mar/19;1,34
abr/19;1,34
mai/19;1,31
jun/19;1,25
jul/19;1,25
ago/19;1,28
set/19;1,22
out/19;1,18
nov/19;1,18
dez/19;1,11
jan/20;1,24
fev/20;1,18
mar/20;1,17
abr/20;1,07
mai/20;0,98
jun/20;0,91
jul/20;0,89
ago/20;0,92
set/20;0,86
out/20;0,91
nov/20;0,9
dez/20;0,87
jan/21;1,28
fev/21;1,09
mar/21;1,1
abr/21;1,14
mai/21;1,14
jun/21;1,16
jul/21;1,21
ago/21;1,26
set/21;1,36
out/21;1,55
nov/21;1,62
dez/21;1,58
jan/22;1,69
fev/22;1,71
mar/22;1,7
abr/22;1,69
mai/22;1,67
jun/22;1,76
jul/22;1,77
ago/22;1,7
set/22;1,71
out/22;1,69
nov/22;1,73
dez/22;1,75
jan/23;1,85
fev/23;1,83
mar/23;1,8
abr/23;1,75
mai/23;1,74
jun/23;1,67
jul/23;1,72
ago/23;1,68
set/23;1,7
out/23;1,67
nov/23;1,69
dez/23;1,56
jan/24;1,68
fev/24;1,64
mar/24;1,52
abr/24;1,55
mai/24;1,56
jun/24;1,61
jul/24;1,63
ago/24;1,64
set/24;1,56
out/24;1,62
nov/24;1,66
dez/24;1,73
jan/25;1,94
fev/25;1,85
mar/25;1,78
abr/25;1,78
mai/25;1,77
jun/25;1,79
jul/25;1,87
ago/25;1,95
set/25;1,87
out/25;1,9
nov/25;1,86
dez/25;1,77
jan/26;1,85
fev/26;1,81
mar/26;1,87
abr/26;1,75
mai/26;1,75
jun/26;1,74
jul/26;1,84
Fonte;BCB-DSTAT
